model,layer_name,layer_index,layer_kind
alexnet,features.0,0,convolutional
alexnet,features.1,1,activation
alexnet,features.2,2,pooling
alexnet,features.3,3,convolutional
alexnet,features.4,4,activation
alexnet,features.5,5,pooling
alexnet,features.6,6,convolutional
alexnet,features.7,7,activation
alexnet,features.8,8,convolutional
alexnet,features.9,9,activation
alexnet,features.10,10,convolutional
alexnet,features.11,11,activation
alexnet,features.12,12,pooling
alexnet,avgpool,13,pooling
alexnet,classifier.0,14,other
alexnet,classifier.1,15,fully_connected
alexnet,classifier.2,16,activation
alexnet,classifier.3,17,other
alexnet,classifier.4,18,fully_connected
alexnet,classifier.5,19,activation
alexnet,classifier.6,20,fully_connected
resnet50,conv1,0,convolutional
resnet50,bn1,1,normalization
resnet50,relu,2,activation
resnet50,maxpool,3,pooling
resnet50,layer1.0.conv1,4,convolutional
resnet50,layer1.0.bn1,5,normalization
resnet50,layer1.0.conv2,6,convolutional
resnet50,layer1.0.bn2,7,normalization
resnet50,layer1.0.conv3,8,convolutional
resnet50,layer1.0.bn3,9,normalization
resnet50,layer1.0.relu,10,activation
resnet50,layer1.0.downsample.0,11,convolutional
resnet50,layer1.0.downsample.1,12,normalization
resnet50,layer1.1.conv1,13,convolutional
resnet50,layer1.1.bn1,14,normalization
resnet50,layer1.1.conv2,15,convolutional
resnet50,layer1.1.bn2,16,normalization
resnet50,layer1.1.conv3,17,convolutional
resnet50,layer1.1.bn3,18,normalization
resnet50,layer1.1.relu,19,activation
resnet50,layer1.2.conv1,20,convolutional
resnet50,layer1.2.bn1,21,normalization
resnet50,layer1.2.conv2,22,convolutional
resnet50,layer1.2.bn2,23,normalization
resnet50,layer1.2.conv3,24,convolutional
resnet50,layer1.2.bn3,25,normalization
resnet50,layer1.2.relu,26,activation
resnet50,layer2.0.conv1,27,convolutional
resnet50,layer2.0.bn1,28,normalization
resnet50,layer2.0.conv2,29,convolutional
resnet50,layer2.0.bn2,30,normalization
resnet50,layer2.0.conv3,31,convolutional
resnet50,layer2.0.bn3,32,normalization
resnet50,layer2.0.relu,33,activation
resnet50,layer2.0.downsample.0,34,convolutional
resnet50,layer2.0.downsample.1,35,normalization
resnet50,layer2.1.conv1,36,convolutional
resnet50,layer2.1.bn1,37,normalization
resnet50,layer2.1.conv2,38,convolutional
resnet50,layer2.1.bn2,39,normalization
resnet50,layer2.1.conv3,40,convolutional
resnet50,layer2.1.bn3,41,normalization
resnet50,layer2.1.relu,42,activation
resnet50,layer2.2.conv1,43,convolutional
resnet50,layer2.2.bn1,44,normalization
resnet50,layer2.2.conv2,45,convolutional
resnet50,layer2.2.bn2,46,normalization
resnet50,layer2.2.conv3,47,convolutional
resnet50,layer2.2.bn3,48,normalization
resnet50,layer2.2.relu,49,activation
resnet50,layer2.3.conv1,50,convolutional
resnet50,layer2.3.bn1,51,normalization
resnet50,layer2.3.conv2,52,convolutional
resnet50,layer2.3.bn2,53,normalization
resnet50,layer2.3.conv3,54,convolutional
resnet50,layer2.3.bn3,55,normalization
resnet50,layer2.3.relu,56,activation
resnet50,layer3.0.conv1,57,convolutional
resnet50,layer3.0.bn1,58,normalization
resnet50,layer3.0.conv2,59,convolutional
resnet50,layer3.0.bn2,60,normalization
resnet50,layer3.0.conv3,61,convolutional
resnet50,layer3.0.bn3,62,normalization
resnet50,layer3.0.relu,63,activation
resnet50,layer3.0.downsample.0,64,convolutional
resnet50,layer3.0.downsample.1,65,normalization
resnet50,layer3.1.conv1,66,convolutional
resnet50,layer3.1.bn1,67,normalization
resnet50,layer3.1.conv2,68,convolutional
resnet50,layer3.1.bn2,69,normalization
resnet50,layer3.1.conv3,70,convolutional
resnet50,layer3.1.bn3,71,normalization
resnet50,layer3.1.relu,72,activation
resnet50,layer3.2.conv1,73,convolutional
resnet50,layer3.2.bn1,74,normalization
resnet50,layer3.2.conv2,75,convolutional
resnet50,layer3.2.bn2,76,normalization
resnet50,layer3.2.conv3,77,convolutional
resnet50,layer3.2.bn3,78,normalization
resnet50,layer3.2.relu,79,activation
resnet50,layer3.3.conv1,80,convolutional
resnet50,layer3.3.bn1,81,normalization
resnet50,layer3.3.conv2,82,convolutional
resnet50,layer3.3.bn2,83,normalization
resnet50,layer3.3.conv3,84,convolutional
resnet50,layer3.3.bn3,85,normalization
resnet50,layer3.3.relu,86,activation
resnet50,layer3.4.conv1,87,convolutional
resnet50,layer3.4.bn1,88,normalization
resnet50,layer3.4.conv2,89,convolutional
resnet50,layer3.4.bn2,90,normalization
resnet50,layer3.4.conv3,91,convolutional
resnet50,layer3.4.bn3,92,normalization
resnet50,layer3.4.relu,93,activation
resnet50,layer3.5.conv1,94,convolutional
resnet50,layer3.5.bn1,95,normalization
resnet50,layer3.5.conv2,96,convolutional
resnet50,layer3.5.bn2,97,normalization
resnet50,layer3.5.conv3,98,convolutional
resnet50,layer3.5.bn3,99,normalization
resnet50,layer3.5.relu,100,activation
resnet50,layer4.0.conv1,101,convolutional
resnet50,layer4.0.bn1,102,normalization
resnet50,layer4.0.conv2,103,convolutional
resnet50,layer4.0.bn2,104,normalization
resnet50,layer4.0.conv3,105,convolutional
resnet50,layer4.0.bn3,106,normalization
resnet50,layer4.0.relu,107,activation
resnet50,layer4.0.downsample.0,108,convolutional
resnet50,layer4.0.downsample.1,109,normalization
resnet50,layer4.1.conv1,110,convolutional
resnet50,layer4.1.bn1,111,normalization
resnet50,layer4.1.conv2,112,convolutional
resnet50,layer4.1.bn2,113,normalization
resnet50,layer4.1.conv3,114,convolutional
resnet50,layer4.1.bn3,115,normalization
resnet50,layer4.1.relu,116,activation
resnet50,layer4.2.conv1,117,convolutional
resnet50,layer4.2.bn1,118,normalization
resnet50,layer4.2.conv2,119,convolutional
resnet50,layer4.2.bn2,120,normalization
resnet50,layer4.2.conv3,121,convolutional
resnet50,layer4.2.bn3,122,normalization
resnet50,layer4.2.relu,123,activation
resnet50,avgpool,124,pooling
resnet50,fc,125,fully_connected
vgg16,features.0,0,convolutional
vgg16,features.1,1,activation
vgg16,features.2,2,convolutional
vgg16,features.3,3,activation
vgg16,features.4,4,pooling
vgg16,features.5,5,convolutional
vgg16,features.6,6,activation
vgg16,features.7,7,convolutional
vgg16,features.8,8,activation
vgg16,features.9,9,pooling
vgg16,features.10,10,convolutional
vgg16,features.11,11,activation
vgg16,features.12,12,convolutional
vgg16,features.13,13,activation
vgg16,features.14,14,convolutional
vgg16,features.15,15,activation
vgg16,features.16,16,pooling
vgg16,features.17,17,convolutional
vgg16,features.18,18,activation
vgg16,features.19,19,convolutional
vgg16,features.20,20,activation
vgg16,features.21,21,convolutional
vgg16,features.22,22,activation
vgg16,features.23,23,pooling
vgg16,features.24,24,convolutional
vgg16,features.25,25,activation
vgg16,features.26,26,convolutional
vgg16,features.27,27,activation
vgg16,features.28,28,convolutional
vgg16,features.29,29,activation
vgg16,features.30,30,pooling
vgg16,avgpool,31,pooling
vgg16,classifier.0,32,fully_connected
vgg16,classifier.1,33,activation
vgg16,classifier.2,34,other
vgg16,classifier.3,35,fully_connected
vgg16,classifier.4,36,activation
vgg16,classifier.5,37,other
vgg16,classifier.6,38,fully_connected
clip,visual.conv1,0,convolutional
clip,visual.ln_pre,1,normalization
clip,visual.transformer.resblocks.0.attn.out_proj,2,fully_connected
clip,visual.transformer.resblocks.0.ln_1,3,normalization
clip,visual.transformer.resblocks.0.mlp.c_fc,4,fully_connected
clip,visual.transformer.resblocks.0.mlp.gelu,5,attention
clip,visual.transformer.resblocks.0.mlp.c_proj,6,fully_connected
clip,visual.transformer.resblocks.0.ln_2,7,normalization
clip,visual.transformer.resblocks.1.attn.out_proj,8,fully_connected
clip,visual.transformer.resblocks.1.ln_1,9,normalization
clip,visual.transformer.resblocks.1.mlp.c_fc,10,fully_connected
clip,visual.transformer.resblocks.1.mlp.gelu,11,attention
clip,visual.transformer.resblocks.1.mlp.c_proj,12,fully_connected
clip,visual.transformer.resblocks.1.ln_2,13,normalization
clip,visual.transformer.resblocks.2.attn.out_proj,14,fully_connected
clip,visual.transformer.resblocks.2.ln_1,15,normalization
clip,visual.transformer.resblocks.2.mlp.c_fc,16,fully_connected
clip,visual.transformer.resblocks.2.mlp.gelu,17,attention
clip,visual.transformer.resblocks.2.mlp.c_proj,18,fully_connected
clip,visual.transformer.resblocks.2.ln_2,19,normalization
clip,visual.transformer.resblocks.3.attn.out_proj,20,fully_connected
clip,visual.transformer.resblocks.3.ln_1,21,normalization
clip,visual.transformer.resblocks.3.mlp.c_fc,22,fully_connected
clip,visual.transformer.resblocks.3.mlp.gelu,23,attention
clip,visual.transformer.resblocks.3.mlp.c_proj,24,fully_connected
clip,visual.transformer.resblocks.3.ln_2,25,normalization
clip,visual.transformer.resblocks.4.attn.out_proj,26,fully_connected
clip,visual.transformer.resblocks.4.ln_1,27,normalization
clip,visual.transformer.resblocks.4.mlp.c_fc,28,fully_connected
clip,visual.transformer.resblocks.4.mlp.gelu,29,attention
clip,visual.transformer.resblocks.4.mlp.c_proj,30,fully_connected
clip,visual.transformer.resblocks.4.ln_2,31,normalization
clip,visual.transformer.resblocks.5.attn.out_proj,32,fully_connected
clip,visual.transformer.resblocks.5.ln_1,33,normalization
clip,visual.transformer.resblocks.5.mlp.c_fc,34,fully_connected
clip,visual.transformer.resblocks.5.mlp.gelu,35,attention
clip,visual.transformer.resblocks.5.mlp.c_proj,36,fully_connected
clip,visual.transformer.resblocks.5.ln_2,37,normalization
clip,visual.transformer.resblocks.6.attn.out_proj,38,fully_connected
clip,visual.transformer.resblocks.6.ln_1,39,normalization
clip,visual.transformer.resblocks.6.mlp.c_fc,40,fully_connected
clip,visual.transformer.resblocks.6.mlp.gelu,41,attention
clip,visual.transformer.resblocks.6.mlp.c_proj,42,fully_connected
clip,visual.transformer.resblocks.6.ln_2,43,normalization
clip,visual.transformer.resblocks.7.attn.out_proj,44,fully_connected
clip,visual.transformer.resblocks.7.ln_1,45,normalization
clip,visual.transformer.resblocks.7.mlp.c_fc,46,fully_connected
clip,visual.transformer.resblocks.7.mlp.gelu,47,attention
clip,visual.transformer.resblocks.7.mlp.c_proj,48,fully_connected
clip,visual.transformer.resblocks.7.ln_2,49,normalization
clip,visual.transformer.resblocks.8.attn.out_proj,50,fully_connected
clip,visual.transformer.resblocks.8.ln_1,51,normalization
clip,visual.transformer.resblocks.8.mlp.c_fc,52,fully_connected
clip,visual.transformer.resblocks.8.mlp.gelu,53,attention
clip,visual.transformer.resblocks.8.mlp.c_proj,54,fully_connected
clip,visual.transformer.resblocks.8.ln_2,55,normalization
clip,visual.transformer.resblocks.9.attn.out_proj,56,fully_connected
clip,visual.transformer.resblocks.9.ln_1,57,normalization
clip,visual.transformer.resblocks.9.mlp.c_fc,58,fully_connected
clip,visual.transformer.resblocks.9.mlp.gelu,59,attention
clip,visual.transformer.resblocks.9.mlp.c_proj,60,fully_connected
clip,visual.transformer.resblocks.9.ln_2,61,normalization
clip,visual.transformer.resblocks.10.attn.out_proj,62,fully_connected
clip,visual.transformer.resblocks.10.ln_1,63,normalization
clip,visual.transformer.resblocks.10.mlp.c_fc,64,fully_connected
clip,visual.transformer.resblocks.10.mlp.gelu,65,attention
clip,visual.transformer.resblocks.10.mlp.c_proj,66,fully_connected
clip,visual.transformer.resblocks.10.ln_2,67,normalization
clip,visual.transformer.resblocks.11.attn.out_proj,68,fully_connected
clip,visual.transformer.resblocks.11.ln_1,69,normalization
clip,visual.transformer.resblocks.11.mlp.c_fc,70,fully_connected
clip,visual.transformer.resblocks.11.mlp.gelu,71,attention
clip,visual.transformer.resblocks.11.mlp.c_proj,72,fully_connected
clip,visual.transformer.resblocks.11.ln_2,73,normalization
clip,visual.ln_post,74,normalization
clip,transformer.resblocks.0.attn.out_proj,75,fully_connected
clip,transformer.resblocks.0.ln_1,76,normalization
clip,transformer.resblocks.0.mlp.c_fc,77,fully_connected
clip,transformer.resblocks.0.mlp.gelu,78,attention
clip,transformer.resblocks.0.mlp.c_proj,79,fully_connected
clip,transformer.resblocks.0.ln_2,80,normalization
clip,transformer.resblocks.1.attn.out_proj,81,fully_connected
clip,transformer.resblocks.1.ln_1,82,normalization
clip,transformer.resblocks.1.mlp.c_fc,83,fully_connected
clip,transformer.resblocks.1.mlp.gelu,84,attention
clip,transformer.resblocks.1.mlp.c_proj,85,fully_connected
clip,transformer.resblocks.1.ln_2,86,normalization
clip,transformer.resblocks.2.attn.out_proj,87,fully_connected
clip,transformer.resblocks.2.ln_1,88,normalization
clip,transformer.resblocks.2.mlp.c_fc,89,fully_connected
clip,transformer.resblocks.2.mlp.gelu,90,attention
clip,transformer.resblocks.2.mlp.c_proj,91,fully_connected
clip,transformer.resblocks.2.ln_2,92,normalization
clip,transformer.resblocks.3.attn.out_proj,93,fully_connected
clip,transformer.resblocks.3.ln_1,94,normalization
clip,transformer.resblocks.3.mlp.c_fc,95,fully_connected
clip,transformer.resblocks.3.mlp.gelu,96,attention
clip,transformer.resblocks.3.mlp.c_proj,97,fully_connected
clip,transformer.resblocks.3.ln_2,98,normalization
clip,transformer.resblocks.4.attn.out_proj,99,fully_connected
clip,transformer.resblocks.4.ln_1,100,normalization
clip,transformer.resblocks.4.mlp.c_fc,101,fully_connected
clip,transformer.resblocks.4.mlp.gelu,102,attention
clip,transformer.resblocks.4.mlp.c_proj,103,fully_connected
clip,transformer.resblocks.4.ln_2,104,normalization
clip,transformer.resblocks.5.attn.out_proj,105,fully_connected
clip,transformer.resblocks.5.ln_1,106,normalization
clip,transformer.resblocks.5.mlp.c_fc,107,fully_connected
clip,transformer.resblocks.5.mlp.gelu,108,attention
clip,transformer.resblocks.5.mlp.c_proj,109,fully_connected
clip,transformer.resblocks.5.ln_2,110,normalization
clip,transformer.resblocks.6.attn.out_proj,111,fully_connected
clip,transformer.resblocks.6.ln_1,112,normalization
clip,transformer.resblocks.6.mlp.c_fc,113,fully_connected
clip,transformer.resblocks.6.mlp.gelu,114,attention
clip,transformer.resblocks.6.mlp.c_proj,115,fully_connected
clip,transformer.resblocks.6.ln_2,116,normalization
clip,transformer.resblocks.7.attn.out_proj,117,fully_connected
clip,transformer.resblocks.7.ln_1,118,normalization
clip,transformer.resblocks.7.mlp.c_fc,119,fully_connected
clip,transformer.resblocks.7.mlp.gelu,120,attention
clip,transformer.resblocks.7.mlp.c_proj,121,fully_connected
clip,transformer.resblocks.7.ln_2,122,normalization
clip,transformer.resblocks.8.attn.out_proj,123,fully_connected
clip,transformer.resblocks.8.ln_1,124,normalization
clip,transformer.resblocks.8.mlp.c_fc,125,fully_connected
clip,transformer.resblocks.8.mlp.gelu,126,attention
clip,transformer.resblocks.8.mlp.c_proj,127,fully_connected
clip,transformer.resblocks.8.ln_2,128,normalization
clip,transformer.resblocks.9.attn.out_proj,129,fully_connected
clip,transformer.resblocks.9.ln_1,130,normalization
clip,transformer.resblocks.9.mlp.c_fc,131,fully_connected
clip,transformer.resblocks.9.mlp.gelu,132,attention
clip,transformer.resblocks.9.mlp.c_proj,133,fully_connected
clip,transformer.resblocks.9.ln_2,134,normalization
clip,transformer.resblocks.10.attn.out_proj,135,fully_connected
clip,transformer.resblocks.10.ln_1,136,normalization
clip,transformer.resblocks.10.mlp.c_fc,137,fully_connected
clip,transformer.resblocks.10.mlp.gelu,138,attention
clip,transformer.resblocks.10.mlp.c_proj,139,fully_connected
clip,transformer.resblocks.10.ln_2,140,normalization
clip,transformer.resblocks.11.attn.out_proj,141,fully_connected
clip,transformer.resblocks.11.ln_1,142,normalization
clip,transformer.resblocks.11.mlp.c_fc,143,fully_connected
clip,transformer.resblocks.11.mlp.gelu,144,attention
clip,transformer.resblocks.11.mlp.c_proj,145,fully_connected
clip,transformer.resblocks.11.ln_2,146,normalization
clip,token_embedding,147,other
clip,ln_final,148,normalization
clip_rn50,visual.conv1,0,convolutional
clip_rn50,visual.bn1,1,normalization
clip_rn50,visual.relu1,2,activation
clip_rn50,visual.conv2,3,convolutional
clip_rn50,visual.bn2,4,normalization
clip_rn50,visual.relu2,5,activation
clip_rn50,visual.conv3,6,convolutional
clip_rn50,visual.bn3,7,normalization
clip_rn50,visual.relu3,8,activation
clip_rn50,visual.avgpool,9,pooling
clip_rn50,visual.layer1.0.conv1,10,convolutional
clip_rn50,visual.layer1.0.bn1,11,normalization
clip_rn50,visual.layer1.0.relu1,12,activation
clip_rn50,visual.layer1.0.conv2,13,convolutional
clip_rn50,visual.layer1.0.bn2,14,normalization
clip_rn50,visual.layer1.0.relu2,15,activation
clip_rn50,visual.layer1.0.avgpool,16,other
clip_rn50,visual.layer1.0.conv3,17,convolutional
clip_rn50,visual.layer1.0.bn3,18,normalization
clip_rn50,visual.layer1.0.relu3,19,activation
clip_rn50,visual.layer1.0.downsample.-1,20,pooling
clip_rn50,visual.layer1.0.downsample.0,21,convolutional
clip_rn50,visual.layer1.0.downsample.1,22,normalization
clip_rn50,visual.layer1.1.conv1,23,convolutional
clip_rn50,visual.layer1.1.bn1,24,normalization
clip_rn50,visual.layer1.1.relu1,25,activation
clip_rn50,visual.layer1.1.conv2,26,convolutional
clip_rn50,visual.layer1.1.bn2,27,normalization
clip_rn50,visual.layer1.1.relu2,28,activation
clip_rn50,visual.layer1.1.avgpool,29,other
clip_rn50,visual.layer1.1.conv3,30,convolutional
clip_rn50,visual.layer1.1.bn3,31,normalization
clip_rn50,visual.layer1.1.relu3,32,activation
clip_rn50,visual.layer1.2.conv1,33,convolutional
clip_rn50,visual.layer1.2.bn1,34,normalization
clip_rn50,visual.layer1.2.relu1,35,activation
clip_rn50,visual.layer1.2.conv2,36,convolutional
clip_rn50,visual.layer1.2.bn2,37,normalization
clip_rn50,visual.layer1.2.relu2,38,activation
clip_rn50,visual.layer1.2.avgpool,39,other
clip_rn50,visual.layer1.2.conv3,40,convolutional
clip_rn50,visual.layer1.2.bn3,41,normalization
clip_rn50,visual.layer1.2.relu3,42,activation
clip_rn50,visual.layer2.0.conv1,43,convolutional
clip_rn50,visual.layer2.0.bn1,44,normalization
clip_rn50,visual.layer2.0.relu1,45,activation
clip_rn50,visual.layer2.0.conv2,46,convolutional
clip_rn50,visual.layer2.0.bn2,47,normalization
clip_rn50,visual.layer2.0.relu2,48,activation
clip_rn50,visual.layer2.0.avgpool,49,pooling
clip_rn50,visual.layer2.0.conv3,50,convolutional
clip_rn50,visual.layer2.0.bn3,51,normalization
clip_rn50,visual.layer2.0.relu3,52,activation
clip_rn50,visual.layer2.0.downsample.-1,53,pooling
clip_rn50,visual.layer2.0.downsample.0,54,convolutional
clip_rn50,visual.layer2.0.downsample.1,55,normalization
clip_rn50,visual.layer2.1.conv1,56,convolutional
clip_rn50,visual.layer2.1.bn1,57,normalization
clip_rn50,visual.layer2.1.relu1,58,activation
clip_rn50,visual.layer2.1.conv2,59,convolutional
clip_rn50,visual.layer2.1.bn2,60,normalization
clip_rn50,visual.layer2.1.relu2,61,activation
clip_rn50,visual.layer2.1.avgpool,62,other
clip_rn50,visual.layer2.1.conv3,63,convolutional
clip_rn50,visual.layer2.1.bn3,64,normalization
clip_rn50,visual.layer2.1.relu3,65,activation
clip_rn50,visual.layer2.2.conv1,66,convolutional
clip_rn50,visual.layer2.2.bn1,67,normalization
clip_rn50,visual.layer2.2.relu1,68,activation
clip_rn50,visual.layer2.2.conv2,69,convolutional
clip_rn50,visual.layer2.2.bn2,70,normalization
clip_rn50,visual.layer2.2.relu2,71,activation
clip_rn50,visual.layer2.2.avgpool,72,other
clip_rn50,visual.layer2.2.conv3,73,convolutional
clip_rn50,visual.layer2.2.bn3,74,normalization
clip_rn50,visual.layer2.2.relu3,75,activation
clip_rn50,visual.layer2.3.conv1,76,convolutional
clip_rn50,visual.layer2.3.bn1,77,normalization
clip_rn50,visual.layer2.3.relu1,78,activation
clip_rn50,visual.layer2.3.conv2,79,convolutional
clip_rn50,visual.layer2.3.bn2,80,normalization
clip_rn50,visual.layer2.3.relu2,81,activation
clip_rn50,visual.layer2.3.avgpool,82,other
clip_rn50,visual.layer2.3.conv3,83,convolutional
clip_rn50,visual.layer2.3.bn3,84,normalization
clip_rn50,visual.layer2.3.relu3,85,activation
clip_rn50,visual.layer3.0.conv1,86,convolutional
clip_rn50,visual.layer3.0.bn1,87,normalization
clip_rn50,visual.layer3.0.relu1,88,activation
clip_rn50,visual.layer3.0.conv2,89,convolutional
clip_rn50,visual.layer3.0.bn2,90,normalization
clip_rn50,visual.layer3.0.relu2,91,activation
clip_rn50,visual.layer3.0.avgpool,92,pooling
clip_rn50,visual.layer3.0.conv3,93,convolutional
clip_rn50,visual.layer3.0.bn3,94,normalization
clip_rn50,visual.layer3.0.relu3,95,activation
clip_rn50,visual.layer3.0.downsample.-1,96,pooling
clip_rn50,visual.layer3.0.downsample.0,97,convolutional
clip_rn50,visual.layer3.0.downsample.1,98,normalization
clip_rn50,visual.layer3.1.conv1,99,convolutional
clip_rn50,visual.layer3.1.bn1,100,normalization
clip_rn50,visual.layer3.1.relu1,101,activation
clip_rn50,visual.layer3.1.conv2,102,convolutional
clip_rn50,visual.layer3.1.bn2,103,normalization
clip_rn50,visual.layer3.1.relu2,104,activation
clip_rn50,visual.layer3.1.avgpool,105,other
clip_rn50,visual.layer3.1.conv3,106,convolutional
clip_rn50,visual.layer3.1.bn3,107,normalization
clip_rn50,visual.layer3.1.relu3,108,activation
clip_rn50,visual.layer3.2.conv1,109,convolutional
clip_rn50,visual.layer3.2.bn1,110,normalization
clip_rn50,visual.layer3.2.relu1,111,activation
clip_rn50,visual.layer3.2.conv2,112,convolutional
clip_rn50,visual.layer3.2.bn2,113,normalization
clip_rn50,visual.layer3.2.relu2,114,activation
clip_rn50,visual.layer3.2.avgpool,115,other
clip_rn50,visual.layer3.2.conv3,116,convolutional
clip_rn50,visual.layer3.2.bn3,117,normalization
clip_rn50,visual.layer3.2.relu3,118,activation
clip_rn50,visual.layer3.3.conv1,119,convolutional
clip_rn50,visual.layer3.3.bn1,120,normalization
clip_rn50,visual.layer3.3.relu1,121,activation
clip_rn50,visual.layer3.3.conv2,122,convolutional
clip_rn50,visual.layer3.3.bn2,123,normalization
clip_rn50,visual.layer3.3.relu2,124,activation
clip_rn50,visual.layer3.3.avgpool,125,other
clip_rn50,visual.layer3.3.conv3,126,convolutional
clip_rn50,visual.layer3.3.bn3,127,normalization
clip_rn50,visual.layer3.3.relu3,128,activation
clip_rn50,visual.layer3.4.conv1,129,convolutional
clip_rn50,visual.layer3.4.bn1,130,normalization
clip_rn50,visual.layer3.4.relu1,131,activation
clip_rn50,visual.layer3.4.conv2,132,convolutional
clip_rn50,visual.layer3.4.bn2,133,normalization
clip_rn50,visual.layer3.4.relu2,134,activation
clip_rn50,visual.layer3.4.avgpool,135,other
clip_rn50,visual.layer3.4.conv3,136,convolutional
clip_rn50,visual.layer3.4.bn3,137,normalization
clip_rn50,visual.layer3.4.relu3,138,activation
clip_rn50,visual.layer3.5.conv1,139,convolutional
clip_rn50,visual.layer3.5.bn1,140,normalization
clip_rn50,visual.layer3.5.relu1,141,activation
clip_rn50,visual.layer3.5.conv2,142,convolutional
clip_rn50,visual.layer3.5.bn2,143,normalization
clip_rn50,visual.layer3.5.relu2,144,activation
clip_rn50,visual.layer3.5.avgpool,145,other
clip_rn50,visual.layer3.5.conv3,146,convolutional
clip_rn50,visual.layer3.5.bn3,147,normalization
clip_rn50,visual.layer3.5.relu3,148,activation
clip_rn50,visual.layer4.0.conv1,149,convolutional
clip_rn50,visual.layer4.0.bn1,150,normalization
clip_rn50,visual.layer4.0.relu1,151,activation
clip_rn50,visual.layer4.0.conv2,152,convolutional
clip_rn50,visual.layer4.0.bn2,153,normalization
clip_rn50,visual.layer4.0.relu2,154,activation
clip_rn50,visual.layer4.0.avgpool,155,pooling
clip_rn50,visual.layer4.0.conv3,156,convolutional
clip_rn50,visual.layer4.0.bn3,157,normalization
clip_rn50,visual.layer4.0.relu3,158,activation
clip_rn50,visual.layer4.0.downsample.-1,159,pooling
clip_rn50,visual.layer4.0.downsample.0,160,convolutional
clip_rn50,visual.layer4.0.downsample.1,161,normalization
clip_rn50,visual.layer4.1.conv1,162,convolutional
clip_rn50,visual.layer4.1.bn1,163,normalization
clip_rn50,visual.layer4.1.relu1,164,activation
clip_rn50,visual.layer4.1.conv2,165,convolutional
clip_rn50,visual.layer4.1.bn2,166,normalization
clip_rn50,visual.layer4.1.relu2,167,activation
clip_rn50,visual.layer4.1.avgpool,168,other
clip_rn50,visual.layer4.1.conv3,169,convolutional
clip_rn50,visual.layer4.1.bn3,170,normalization
clip_rn50,visual.layer4.1.relu3,171,activation
clip_rn50,visual.layer4.2.conv1,172,convolutional
clip_rn50,visual.layer4.2.bn1,173,normalization
clip_rn50,visual.layer4.2.relu1,174,activation
clip_rn50,visual.layer4.2.conv2,175,convolutional
clip_rn50,visual.layer4.2.bn2,176,normalization
clip_rn50,visual.layer4.2.relu2,177,activation
clip_rn50,visual.layer4.2.avgpool,178,other
clip_rn50,visual.layer4.2.conv3,179,convolutional
clip_rn50,visual.layer4.2.bn3,180,normalization
clip_rn50,visual.layer4.2.relu3,181,activation
clip_rn50,visual.attnpool.k_proj,182,fully_connected
clip_rn50,visual.attnpool.q_proj,183,fully_connected
clip_rn50,visual.attnpool.v_proj,184,fully_connected
clip_rn50,visual.attnpool.c_proj,185,fully_connected
clip_rn50,transformer.resblocks.0.attn.out_proj,186,fully_connected
clip_rn50,transformer.resblocks.0.ln_1,187,normalization
clip_rn50,transformer.resblocks.0.mlp.c_fc,188,fully_connected
clip_rn50,transformer.resblocks.0.mlp.gelu,189,attention
clip_rn50,transformer.resblocks.0.mlp.c_proj,190,fully_connected
clip_rn50,transformer.resblocks.0.ln_2,191,normalization
clip_rn50,transformer.resblocks.1.attn.out_proj,192,fully_connected
clip_rn50,transformer.resblocks.1.ln_1,193,normalization
clip_rn50,transformer.resblocks.1.mlp.c_fc,194,fully_connected
clip_rn50,transformer.resblocks.1.mlp.gelu,195,attention
clip_rn50,transformer.resblocks.1.mlp.c_proj,196,fully_connected
clip_rn50,transformer.resblocks.1.ln_2,197,normalization
clip_rn50,transformer.resblocks.2.attn.out_proj,198,fully_connected
clip_rn50,transformer.resblocks.2.ln_1,199,normalization
clip_rn50,transformer.resblocks.2.mlp.c_fc,200,fully_connected
clip_rn50,transformer.resblocks.2.mlp.gelu,201,attention
clip_rn50,transformer.resblocks.2.mlp.c_proj,202,fully_connected
clip_rn50,transformer.resblocks.2.ln_2,203,normalization
clip_rn50,transformer.resblocks.3.attn.out_proj,204,fully_connected
clip_rn50,transformer.resblocks.3.ln_1,205,normalization
clip_rn50,transformer.resblocks.3.mlp.c_fc,206,fully_connected
clip_rn50,transformer.resblocks.3.mlp.gelu,207,attention
clip_rn50,transformer.resblocks.3.mlp.c_proj,208,fully_connected
clip_rn50,transformer.resblocks.3.ln_2,209,normalization
clip_rn50,transformer.resblocks.4.attn.out_proj,210,fully_connected
clip_rn50,transformer.resblocks.4.ln_1,211,normalization
clip_rn50,transformer.resblocks.4.mlp.c_fc,212,fully_connected
clip_rn50,transformer.resblocks.4.mlp.gelu,213,attention
clip_rn50,transformer.resblocks.4.mlp.c_proj,214,fully_connected
clip_rn50,transformer.resblocks.4.ln_2,215,normalization
clip_rn50,transformer.resblocks.5.attn.out_proj,216,fully_connected
clip_rn50,transformer.resblocks.5.ln_1,217,normalization
clip_rn50,transformer.resblocks.5.mlp.c_fc,218,fully_connected
clip_rn50,transformer.resblocks.5.mlp.gelu,219,attention
clip_rn50,transformer.resblocks.5.mlp.c_proj,220,fully_connected
clip_rn50,transformer.resblocks.5.ln_2,221,normalization
clip_rn50,transformer.resblocks.6.attn.out_proj,222,fully_connected
clip_rn50,transformer.resblocks.6.ln_1,223,normalization
clip_rn50,transformer.resblocks.6.mlp.c_fc,224,fully_connected
clip_rn50,transformer.resblocks.6.mlp.gelu,225,attention
clip_rn50,transformer.resblocks.6.mlp.c_proj,226,fully_connected
clip_rn50,transformer.resblocks.6.ln_2,227,normalization
clip_rn50,transformer.resblocks.7.attn.out_proj,228,fully_connected
clip_rn50,transformer.resblocks.7.ln_1,229,normalization
clip_rn50,transformer.resblocks.7.mlp.c_fc,230,fully_connected
clip_rn50,transformer.resblocks.7.mlp.gelu,231,attention
clip_rn50,transformer.resblocks.7.mlp.c_proj,232,fully_connected
clip_rn50,transformer.resblocks.7.ln_2,233,normalization
clip_rn50,transformer.resblocks.8.attn.out_proj,234,fully_connected
clip_rn50,transformer.resblocks.8.ln_1,235,normalization
clip_rn50,transformer.resblocks.8.mlp.c_fc,236,fully_connected
clip_rn50,transformer.resblocks.8.mlp.gelu,237,attention
clip_rn50,transformer.resblocks.8.mlp.c_proj,238,fully_connected
clip_rn50,transformer.resblocks.8.ln_2,239,normalization
clip_rn50,transformer.resblocks.9.attn.out_proj,240,fully_connected
clip_rn50,transformer.resblocks.9.ln_1,241,normalization
clip_rn50,transformer.resblocks.9.mlp.c_fc,242,fully_connected
clip_rn50,transformer.resblocks.9.mlp.gelu,243,attention
clip_rn50,transformer.resblocks.9.mlp.c_proj,244,fully_connected
clip_rn50,transformer.resblocks.9.ln_2,245,normalization
clip_rn50,transformer.resblocks.10.attn.out_proj,246,fully_connected
clip_rn50,transformer.resblocks.10.ln_1,247,normalization
clip_rn50,transformer.resblocks.10.mlp.c_fc,248,fully_connected
clip_rn50,transformer.resblocks.10.mlp.gelu,249,attention
clip_rn50,transformer.resblocks.10.mlp.c_proj,250,fully_connected
clip_rn50,transformer.resblocks.10.ln_2,251,normalization
clip_rn50,transformer.resblocks.11.attn.out_proj,252,fully_connected
clip_rn50,transformer.resblocks.11.ln_1,253,normalization
clip_rn50,transformer.resblocks.11.mlp.c_fc,254,fully_connected
clip_rn50,transformer.resblocks.11.mlp.gelu,255,attention
clip_rn50,transformer.resblocks.11.mlp.c_proj,256,fully_connected
clip_rn50,transformer.resblocks.11.ln_2,257,normalization
clip_rn50,token_embedding,258,other
clip_rn50,ln_final,259,normalization
dinov2-vit-base-p14,patch_embed.proj,0,convolutional
dinov2-vit-base-p14,patch_embed.norm,1,other
dinov2-vit-base-p14,blocks.0.norm1,2,normalization
dinov2-vit-base-p14,blocks.0.attn.qkv,3,fully_connected
dinov2-vit-base-p14,blocks.0.attn.proj,4,fully_connected
dinov2-vit-base-p14,blocks.0.attn.proj_drop,5,attention
dinov2-vit-base-p14,blocks.0.ls1,6,other
dinov2-vit-base-p14,blocks.0.drop_path1,7,other
dinov2-vit-base-p14,blocks.0.norm2,8,normalization
dinov2-vit-base-p14,blocks.0.mlp.fc1,9,fully_connected
dinov2-vit-base-p14,blocks.0.mlp.act,10,activation
dinov2-vit-base-p14,blocks.0.mlp.fc2,11,fully_connected
dinov2-vit-base-p14,blocks.0.mlp.drop,12,other
dinov2-vit-base-p14,blocks.0.ls2,13,other
dinov2-vit-base-p14,blocks.0.drop_path2,14,other
dinov2-vit-base-p14,blocks.1.norm1,15,normalization
dinov2-vit-base-p14,blocks.1.attn.qkv,16,fully_connected
dinov2-vit-base-p14,blocks.1.attn.proj,17,fully_connected
dinov2-vit-base-p14,blocks.1.attn.proj_drop,18,attention
dinov2-vit-base-p14,blocks.1.ls1,19,other
dinov2-vit-base-p14,blocks.1.drop_path1,20,other
dinov2-vit-base-p14,blocks.1.norm2,21,normalization
dinov2-vit-base-p14,blocks.1.mlp.fc1,22,fully_connected
dinov2-vit-base-p14,blocks.1.mlp.act,23,activation
dinov2-vit-base-p14,blocks.1.mlp.fc2,24,fully_connected
dinov2-vit-base-p14,blocks.1.mlp.drop,25,other
dinov2-vit-base-p14,blocks.1.ls2,26,other
dinov2-vit-base-p14,blocks.1.drop_path2,27,other
dinov2-vit-base-p14,blocks.2.norm1,28,normalization
dinov2-vit-base-p14,blocks.2.attn.qkv,29,fully_connected
dinov2-vit-base-p14,blocks.2.attn.proj,30,fully_connected
dinov2-vit-base-p14,blocks.2.attn.proj_drop,31,attention
dinov2-vit-base-p14,blocks.2.ls1,32,other
dinov2-vit-base-p14,blocks.2.drop_path1,33,other
dinov2-vit-base-p14,blocks.2.norm2,34,normalization
dinov2-vit-base-p14,blocks.2.mlp.fc1,35,fully_connected
dinov2-vit-base-p14,blocks.2.mlp.act,36,activation
dinov2-vit-base-p14,blocks.2.mlp.fc2,37,fully_connected
dinov2-vit-base-p14,blocks.2.mlp.drop,38,other
dinov2-vit-base-p14,blocks.2.ls2,39,other
dinov2-vit-base-p14,blocks.2.drop_path2,40,other
dinov2-vit-base-p14,blocks.3.norm1,41,normalization
dinov2-vit-base-p14,blocks.3.attn.qkv,42,fully_connected
dinov2-vit-base-p14,blocks.3.attn.proj,43,fully_connected
dinov2-vit-base-p14,blocks.3.attn.proj_drop,44,attention
dinov2-vit-base-p14,blocks.3.ls1,45,other
dinov2-vit-base-p14,blocks.3.drop_path1,46,other
dinov2-vit-base-p14,blocks.3.norm2,47,normalization
dinov2-vit-base-p14,blocks.3.mlp.fc1,48,fully_connected
dinov2-vit-base-p14,blocks.3.mlp.act,49,activation
dinov2-vit-base-p14,blocks.3.mlp.fc2,50,fully_connected
dinov2-vit-base-p14,blocks.3.mlp.drop,51,other
dinov2-vit-base-p14,blocks.3.ls2,52,other
dinov2-vit-base-p14,blocks.3.drop_path2,53,other
dinov2-vit-base-p14,blocks.4.norm1,54,normalization
dinov2-vit-base-p14,blocks.4.attn.qkv,55,fully_connected
dinov2-vit-base-p14,blocks.4.attn.proj,56,fully_connected
dinov2-vit-base-p14,blocks.4.attn.proj_drop,57,attention
dinov2-vit-base-p14,blocks.4.ls1,58,other
dinov2-vit-base-p14,blocks.4.drop_path1,59,other
dinov2-vit-base-p14,blocks.4.norm2,60,normalization
dinov2-vit-base-p14,blocks.4.mlp.fc1,61,fully_connected
dinov2-vit-base-p14,blocks.4.mlp.act,62,activation
dinov2-vit-base-p14,blocks.4.mlp.fc2,63,fully_connected
dinov2-vit-base-p14,blocks.4.mlp.drop,64,other
dinov2-vit-base-p14,blocks.4.ls2,65,other
dinov2-vit-base-p14,blocks.4.drop_path2,66,other
dinov2-vit-base-p14,blocks.5.norm1,67,normalization
dinov2-vit-base-p14,blocks.5.attn.qkv,68,fully_connected
dinov2-vit-base-p14,blocks.5.attn.proj,69,fully_connected
dinov2-vit-base-p14,blocks.5.attn.proj_drop,70,attention
dinov2-vit-base-p14,blocks.5.ls1,71,other
dinov2-vit-base-p14,blocks.5.drop_path1,72,other
dinov2-vit-base-p14,blocks.5.norm2,73,normalization
dinov2-vit-base-p14,blocks.5.mlp.fc1,74,fully_connected
dinov2-vit-base-p14,blocks.5.mlp.act,75,activation
dinov2-vit-base-p14,blocks.5.mlp.fc2,76,fully_connected
dinov2-vit-base-p14,blocks.5.mlp.drop,77,other
dinov2-vit-base-p14,blocks.5.ls2,78,other
dinov2-vit-base-p14,blocks.5.drop_path2,79,other
dinov2-vit-base-p14,blocks.6.norm1,80,normalization
dinov2-vit-base-p14,blocks.6.attn.qkv,81,fully_connected
dinov2-vit-base-p14,blocks.6.attn.proj,82,fully_connected
dinov2-vit-base-p14,blocks.6.attn.proj_drop,83,attention
dinov2-vit-base-p14,blocks.6.ls1,84,other
dinov2-vit-base-p14,blocks.6.drop_path1,85,other
dinov2-vit-base-p14,blocks.6.norm2,86,normalization
dinov2-vit-base-p14,blocks.6.mlp.fc1,87,fully_connected
dinov2-vit-base-p14,blocks.6.mlp.act,88,activation
dinov2-vit-base-p14,blocks.6.mlp.fc2,89,fully_connected
dinov2-vit-base-p14,blocks.6.mlp.drop,90,other
dinov2-vit-base-p14,blocks.6.ls2,91,other
dinov2-vit-base-p14,blocks.6.drop_path2,92,other
dinov2-vit-base-p14,blocks.7.norm1,93,normalization
dinov2-vit-base-p14,blocks.7.attn.qkv,94,fully_connected
dinov2-vit-base-p14,blocks.7.attn.proj,95,fully_connected
dinov2-vit-base-p14,blocks.7.attn.proj_drop,96,attention
dinov2-vit-base-p14,blocks.7.ls1,97,other
dinov2-vit-base-p14,blocks.7.drop_path1,98,other
dinov2-vit-base-p14,blocks.7.norm2,99,normalization
dinov2-vit-base-p14,blocks.7.mlp.fc1,100,fully_connected
dinov2-vit-base-p14,blocks.7.mlp.act,101,activation
dinov2-vit-base-p14,blocks.7.mlp.fc2,102,fully_connected
dinov2-vit-base-p14,blocks.7.mlp.drop,103,other
dinov2-vit-base-p14,blocks.7.ls2,104,other
dinov2-vit-base-p14,blocks.7.drop_path2,105,other
dinov2-vit-base-p14,blocks.8.norm1,106,normalization
dinov2-vit-base-p14,blocks.8.attn.qkv,107,fully_connected
dinov2-vit-base-p14,blocks.8.attn.proj,108,fully_connected
dinov2-vit-base-p14,blocks.8.attn.proj_drop,109,attention
dinov2-vit-base-p14,blocks.8.ls1,110,other
dinov2-vit-base-p14,blocks.8.drop_path1,111,other
dinov2-vit-base-p14,blocks.8.norm2,112,normalization
dinov2-vit-base-p14,blocks.8.mlp.fc1,113,fully_connected
dinov2-vit-base-p14,blocks.8.mlp.act,114,activation
dinov2-vit-base-p14,blocks.8.mlp.fc2,115,fully_connected
dinov2-vit-base-p14,blocks.8.mlp.drop,116,other
dinov2-vit-base-p14,blocks.8.ls2,117,other
dinov2-vit-base-p14,blocks.8.drop_path2,118,other
dinov2-vit-base-p14,blocks.9.norm1,119,normalization
dinov2-vit-base-p14,blocks.9.attn.qkv,120,fully_connected
dinov2-vit-base-p14,blocks.9.attn.proj,121,fully_connected
dinov2-vit-base-p14,blocks.9.attn.proj_drop,122,attention
dinov2-vit-base-p14,blocks.9.ls1,123,other
dinov2-vit-base-p14,blocks.9.drop_path1,124,other
dinov2-vit-base-p14,blocks.9.norm2,125,normalization
dinov2-vit-base-p14,blocks.9.mlp.fc1,126,fully_connected
dinov2-vit-base-p14,blocks.9.mlp.act,127,activation
dinov2-vit-base-p14,blocks.9.mlp.fc2,128,fully_connected
dinov2-vit-base-p14,blocks.9.mlp.drop,129,other
dinov2-vit-base-p14,blocks.9.ls2,130,other
dinov2-vit-base-p14,blocks.9.drop_path2,131,other
dinov2-vit-base-p14,blocks.10.norm1,132,normalization
dinov2-vit-base-p14,blocks.10.attn.qkv,133,fully_connected
dinov2-vit-base-p14,blocks.10.attn.proj,134,fully_connected
dinov2-vit-base-p14,blocks.10.attn.proj_drop,135,attention
dinov2-vit-base-p14,blocks.10.ls1,136,other
dinov2-vit-base-p14,blocks.10.drop_path1,137,other
dinov2-vit-base-p14,blocks.10.norm2,138,normalization
dinov2-vit-base-p14,blocks.10.mlp.fc1,139,fully_connected
dinov2-vit-base-p14,blocks.10.mlp.act,140,activation
dinov2-vit-base-p14,blocks.10.mlp.fc2,141,fully_connected
dinov2-vit-base-p14,blocks.10.mlp.drop,142,other
dinov2-vit-base-p14,blocks.10.ls2,143,other
dinov2-vit-base-p14,blocks.10.drop_path2,144,other
dinov2-vit-base-p14,blocks.11.norm1,145,normalization
dinov2-vit-base-p14,blocks.11.attn.qkv,146,fully_connected
dinov2-vit-base-p14,blocks.11.attn.proj,147,fully_connected
dinov2-vit-base-p14,blocks.11.attn.proj_drop,148,attention
dinov2-vit-base-p14,blocks.11.ls1,149,other
dinov2-vit-base-p14,blocks.11.drop_path1,150,other
dinov2-vit-base-p14,blocks.11.norm2,151,normalization
dinov2-vit-base-p14,blocks.11.mlp.fc1,152,fully_connected
dinov2-vit-base-p14,blocks.11.mlp.act,153,activation
dinov2-vit-base-p14,blocks.11.mlp.fc2,154,fully_connected
dinov2-vit-base-p14,blocks.11.mlp.drop,155,other
dinov2-vit-base-p14,blocks.11.ls2,156,other
dinov2-vit-base-p14,blocks.11.drop_path2,157,other
dinov2-vit-base-p14,norm,158,normalization
dinov2-vit-base-p14,head,159,other
